S.N,BUSINESS_DATE,SECURITY_ID,SYMBOL,SECURITY_NAME,OPEN_PRICE,HIGH_PRICE,LOW_PRICE,CLOSE_PRICE,TOTAL_TRADED_QUANTITY,TOTAL_TRADED_VALUE,PREVIOUS_DAY_CLOSE_PRICE,FIFTY_TWO_WEEKS_HIGH,FIFTY_TWO_WEEKS_LOW,LAST_UPDATED_TIME,LAST_UPDATED_PRICE,TOTAL_TRADES,AVERAGE_TRADED_PRICE,MARKET_CAPITALIZATION
1,3/19/2023,154,CHCL,Chilime Hydropower Company Limited,470,471,463.2,469,21725,10139491.3,469.9,504.1,347.9,2023-03-19T14:59:41.285464,469,167,466.71,34040.86
2,3/19/2023,164,CBBL,Chhimek Laghubitta Bittiya Sanstha Limited,798,814.8,785,787,8741,6923721.2,798,1303,785,2023-03-19T14:59:50.184977,787,231,792.09,22314.61
3,3/19/2023,235,HDL,Himalayan Distillery Limited,2050,2050,1975,1975,30708,61098633.7,2015,4323,1975,2023-03-19T14:59:58.263388,1975,1014,1989.66,47983.94
4,3/19/2023,250,JFL,Janaki Finance Company Limited,380.1,384.9,379.1,380,6859,2611926,378,535,305,2023-03-19T14:59:41.661822,380,51,380.8,2623.8
5,3/19/2023,559,NLG,NLG Insurance Company Ltd.,665,667,652,660.1,7461,4930252.8,652,928,423,2023-03-19T14:59:52.670354,660.1,61,660.8,8756.98
6,3/19/2023,583,GBLBS,Grameen Bikas Laghubitta Bittiya Sanstha Ltd.,465,486.9,465,484,3586,1715552.8,473,957,465,2023-03-19T14:57:01.212016,484,55,478.4,4755.3
7,3/19/2023,669,SHINEP,Shine Resunga Development Bank Ltd. Promoter Share,185,185,185,185,5124,947940,185,185,140,2023-03-19T12:28:10.814408,185,1,185,
8,3/19/2023,2776,RADHI,Radhi Bidyut Company Ltd,260.1,267.5,260.1,262,37758,9956390.1,263,699,195.3,2023-03-19T14:59:52.148379,262,312,263.68,4391.07
9,3/19/2023,2790,ACLBSL,Aarambha Chautari Laghubitta Bittiya Sanstha Limited,580,585,575,585,1219,706138.9,591.6,1407,575,2023-03-19T14:59:12.729170,585,55,579.27,2147.79
10,3/19/2023,2896,SDLBSL,Sadhana Laghubitta Bittiya Sanstha Limited,660,670,657,668,211,139435.4,664,1305.6,650,2023-03-19T14:59:54.598248,668,17,660.83,2553.49
11,3/19/2023,2898,NRN,NRN Infrastructure and Development Limited,460.6,461,451.4,457,4626,2109506,470,718.8,385,2023-03-19T14:59:21.024346,457,69,456.01,5590.08
12,3/19/2023,8023,MMF1,Mega Mutual Fund -1,7.09,7.11,6.96,7.02,15610,109088.45,7.23,9.13,6.75,2023-03-19T14:10:46.561588,7.02,33,6.98,
13,3/19/2023,8106,GIBF1,Global IME Balanced Fund-1,7.67,8.05,7.67,8.05,2600,20237,7.8,10,7.55,2023-03-19T14:59:38.473929,8.05,16,7.78,
14,3/19/2023,8126,SIKLES,Sikles Hydropower Limited,450,459,443,459,2520,1137514,459,510,315.5,2023-03-19T14:59:48.068492,459,120,451.39,3901.5
15,3/19/2023,187,NLIC,Nepal Life Insurance Co. Ltd.,671.9,671.9,649.1,652,60131,39196401.7,660.1,1268,570,2023-03-19T14:59:45.817918,652,413,651.85,53515.94
16,3/19/2023,256,SFCL,Samriddhi Finance Company Limited,292,299,290.2,294,14384,4230140.5,292,375,179.4,2023-03-19T14:59:37.515872,294,85,294.08,2407.6
17,3/19/2023,686,BARUN,Barun Hydropower Co. Ltd.,263,265,258,263,20032,5250962.5,259.6,541.6,190.3,2023-03-19T14:59:10.309931,263,105,262.12,1409.19
18,3/19/2023,705,GILB,Global IME Laghubitta Bittiya Sanstha Ltd.,749,760,733.1,741,1118,823372,749,1652.4,733.1,2023-03-19T14:59:54.684629,741,31,736.46,4586.05
19,3/19/2023,2784,NADEP,Nadep Laghubittiya bittya Sanstha Ltd.,550,550,534.1,540,4738,2544582.8,542.3,883.1,534.1,2023-03-19T14:54:03.670024,540,89,537.05,2623.1
20,3/19/2023,2900,RLI,Reliance Life Insurance Limited,388.2,400,388.2,393.1,2541,1001587,393,626,310,2023-03-19T14:57:50.996298,393.1,118,394.17,8255.1
21,3/19/2023,2903,LEC,Liberty Energy Company Limited,289.1,289.1,280,287,9331,2660445.9,295,384,203,2023-03-19T14:59:52.415027,287,111,285.11,4305
22,3/19/2023,2923,SLCF,Sanima Large Cap Fund,7.34,7.34,7.09,7.09,10500,74485,7.2,9.5,6.9,2023-03-19T14:45:53.112529,7.09,6,7.09,
23,3/19/2023,2924,GLH,GreenLife Hydropower Limited,299,303,295,298,7948,2377583,294,511,219,2023-03-19T14:57:58.782154,298,113,299.14,5364
24,3/19/2023,2925,MLBSL,Mahila Lagubitta Bittiya Sanstha Limited ,2112.1,2197.2,2100,2100,1149,2441006,2155,4329.6,2100,2023-03-19T14:59:34.492047,2100,65,2124.46,4568.81
25,3/19/2023,4955,MKLB,Manakamana Smart Laghubitta Bittiya Sanstha Limited,746.8,746.8,718,731.9,419,304004,762,1305,702,2023-03-19T14:59:30.253202,731.9,30,725.54,1086.71
26,3/19/2023,4967,NICSF,NIC Asia Select Fund 30,7.62,7.71,7.62,7.71,6500,49852,7.71,9.42,7.4,2023-03-19T14:47:51.941103,7.71,12,7.66,
27,3/19/2023,8018,MLBS,Manushi Laghubitta Bittiya Sanstha Limited,785.4,847,785.4,847,505,426225,770,1460,740,2023-03-19T14:52:32.233972,847,26,844,926.41
28,3/19/2023,8108,RHGCL,Rapti Hydro And General Construction Limited,336,345,335.2,344,37457,12821021.1,338.3,406,191.6,2023-03-19T14:59:59.116357,344,293,342.28,2108.01
29,3/19/2023,8110,SBID83,10.25% Nepal SBI Bank Debenture 2083,895,910,895,910,70,63325,909,1000,851,2023-03-19T13:38:12.473547,910,2,904.64,
30,3/19/2023,8128,KLBS,Khaptad Laghubitta Bittiya Sanstha Limited,940.8,998.5,934,998.5,70,67193,960,1870,303.2,2023-03-19T14:23:05.548268,998.5,7,959.9,399.4
31,3/19/2023,141,LBL,Laxmi Bank Limited,180,183.6,179.6,180,29962,5415480.9,180,272,179.6,2023-03-19T14:57:57.657616,180,145,180.74,20792.42
32,3/19/2023,149,OHL,Oriental Hotels Limited,530,540,523,536,2611,1374129.3,529.9,602.6,413.8,2023-03-19T14:55:47.045396,536,20,526.28,6046.57
33,3/19/2023,153,BPCL,Butwal Power Company Limited,320,324,318.1,319,6748,2165510.6,318,424,288,2023-03-19T14:59:57.815552,319,92,320.91,10874.92
34,3/19/2023,189,PICL,Prudential Insurance Co. Ltd.,402,402,395,399,3302,1309272.7,400.68,732,328.3,2023-03-19T14:59:53.562948,399,39,396.5,4890.08
35,3/19/2023,245,CFCL,Central Finance Co. Ltd.,319,320,311.2,314.5,5095,1596958.7,313,462.9,237,2023-03-19T14:59:36.862503,314.5,59,313.43,2984.21
36,3/19/2023,263,GMFIL,Guheshowori Merchant Bank & Finance Co. Ltd.,320.1,332.5,319.5,327,1733,562596.6,326,431.9,223.9,2023-03-19T14:08:49.169281,327,18,324.63,3309.82
37,3/19/2023,273,ICFC,ICFC Finance Limited,430,432,420,427,9319,3961610.1,428,665,363,2023-03-19T14:59:57.476571,427,97,425.11,5053.42
38,3/19/2023,357,PCBL,Prime Commercial Bank Ltd.,205,205,199.1,201.9,35576,7134720.6,203.3,333,198.5,2023-03-19T14:59:58.296887,201.9,314,200.54,39173.8
39,3/19/2023,360,AHPC,Arun Valley Hydropower Development Co. Ltd.,300,304,297,299,23300,6977892,300,525,250,2023-03-19T14:59:59.199282,299,120,299.48,5585.21
40,3/19/2023,459,KSBBL,Kamana Sewa Bikas Bank Limited,311,318,307.4,313.1,6171,1932690.6,312.9,515,292,2023-03-19T14:59:40.251587,313.1,78,313.18,9839.41
41,3/19/2023,516,MFIL,Manjushree Finance Ltd.,443,448,438.2,444.8,7446,3290970.9,442,659,362,2023-03-19T14:59:58.110264,444.8,85,441.97,6011.71
42,3/19/2023,517,NBL,Nepal Bank Limited,261,264.1,260,261.9,26915,7030890.5,263.5,350,258,2023-03-19T14:59:43.936185,261.9,223,261.22,38483.64
43,3/19/2023,687,VLBS,Vijaya laghubitta Bittiya Sanstha Ltd.,762.9,762.9,740.1,750,331,248720,751,1254,740.1,2023-03-19T14:58:09.729781,750,11,751.41,2400
44,3/19/2023,695,JSLBB,Janautthan Samudayic Laghubitta Bittya Sanstha Limited,1118,1131,1096.1,1100,1072,1192513,1139.9,2330,1096.1,2023-03-19T14:44:07.875685,1100,26,1112.41,1626.97
45,3/19/2023,706,SWMF,Suryodaya Womi Laghubitta Bittiya Sanstha Limited,681.1,689.9,680.1,680.1,1603,1097510.7,685,1373.4,666,2023-03-19T14:56:37.993658,680.1,33,684.66,5386.29
46,3/19/2023,1740,GIMES1,Global IME Samunnat Scheme-1,9.6,9.65,9.32,9.32,47728,456680.46,9.48,12.07,8.08,2023-03-19T14:57:03.003177,9.32,18,9.56,
47,3/19/2023,2757,AKPL,Arun Kabeli Power Ltd.,405,408,404,407,32169,13039896.4,405,530,325,2023-03-19T14:59:58.773233,407,174,405.35,8305.78
48,3/19/2023,2760,UMHL,United Modi Hydropower Ltd.,277.7,277.7,271,273,22208,6061679.7,273.6,384,192.1,2023-03-19T14:59:58.323517,273,111,272.95,3139.5
49,3/19/2023,2789,JOSHI,Joshi Hydropower Development Company Ltd,275.3,285,270,278.9,30992,8575586.1,280.9,318,164.8,2023-03-19T14:59:56.162535,278.9,233,276.7,1035.83
50,3/19/2023,2807,ALBSL,Asha Laghubitta Bittiya Sanstha Ltd,699,712,699,707,303,213523,710,1467,699,2023-03-19T14:59:44.077170,707,18,704.69,2698.03
51,3/19/2023,2843,SABSL,Sabaiko Laghubitta Bittiya Sanstha Limited,650,650,624,624,635,403245.1,649.5,1390,624,2023-03-19T14:58:09.325546,624,31,635.03,1988.06
52,3/19/2023,2908,SGIC,Sanima GIC Insurance Limited,451,457.5,451,454,2447,1111053,458,665,325.5,2023-03-19T14:59:46.710867,454,130,454.04,9080
53,3/19/2023,2915,PLI,Prabhu Life Insurance Limited,443,449,428,428,15332,6670255,443.9,651.2,321.8,2023-03-19T14:59:27.380130,428,212,435.05,8560
54,3/19/2023,4947,PSF,Prabhu Select Fund,7.85,7.9,7.75,7.75,18851,146880.65,7.9,9.83,7.31,2023-03-19T14:53:01.941054,7.75,19,7.79,
55,3/19/2023,8025,SPC,Samling Power Company Limited,482,520,482,488,3166,1554474,491,697.6,338.2,2023-03-19T14:59:58.412491,488,48,490.98,2440
56,3/19/2023,8063,ULBSL,Upakar Laghubitta Bittiya Sanstha Limited,1567,1610,1567,1580.2,631,997237.2,1597,3951.4,1211,2023-03-19T14:57:47.760460,1580.2,21,1580.4,1677.36
57,3/19/2023,8099,UHEWA,Upper Hewakhola Hydropower Company Limited,415,426,414,424,5500,2330604.1,415.1,481,130.2,2023-03-19T14:59:56.802597,424,140,423.74,2120
58,3/19/2023,8123,DLBS,Dhaulagiri Laghubitta Bittiya Sanstha Limited,825,845,825,828.2,560,468629,840,1662,177.7,2023-03-19T14:40:57.655230,828.2,23,836.83,853.87
59,3/19/2023,171,SANIMA,Sanima Bank Limited,239,242,238.5,239,34007,8173045.8,239.7,340,222,2023-03-19T14:59:59.352295,239,220,240.33,29779.68
60,3/19/2023,178,NLICL,National Life Insurance Co. Ltd.,567,567,555,557.9,18835,10514703.8,556.1,940,492,2023-03-19T14:59:53.677761,557.9,128,558.25,25888.97
61,3/19/2023,194,NFS,Nepal Finance Ltd.,302,302.5,298,298.5,14183,4241255.6,299,687.7,213.3,2023-03-19T14:59:45.196626,298.5,75,299.03,2504.25
62,3/19/2023,204,GUFL,Gurkhas Finance Ltd.,500.1,513,500.1,509.5,5097,2600614,510,715,357,2023-03-19T14:59:35.071601,509.5,56,510.22,4422.43
63,3/19/2023,244,SIFC,Shree Investment Finance Co. Ltd.,320,326.8,318,324,4687,1509166.3,324.9,443,236.3,2023-03-19T14:59:45.192727,324,34,321.98,3180.65
64,3/19/2023,359,SRBL,Sunrise Bank Limited,181,183.9,181,183,5588,1019142.8,183,272,177.1,2023-03-19T14:57:09.804918,183,58,182.38,18517.57
65,3/19/2023,473,SHINE,Shine Resunga Development Bank Ltd.,335,335,331,331.7,7848,2613978.2,333.9,424,255.1,2023-03-19T14:59:51.964286,331.7,71,333.07,14209.64
66,3/19/2023,574,SKBBL,Sana Kisan Bikas Laghubitta Bittiya Sanstha Limited,810.3,840,810,826.1,2342,1936580.4,826,1325,810,2023-03-19T14:59:57.014829,826.1,54,826.89,16283.76
67,3/19/2023,587,RLFL,Reliance Finance Ltd.,306,306,300,301,5627,1697191.2,305,451,222.2,2023-03-19T14:59:03.825541,301,50,301.61,3169.55
68,3/19/2023,601,MLBBL,Mithila LaghuBitta Bittiya Sanstha Limited,775,775,745,745,189,142544.3,775.2,1605,740,2023-03-19T14:56:24.196595,745,6,754.2,1460.22
69,3/19/2023,618,LLBS,Laxmi Laghubitta Bittiya Sanstha Ltd.,706,707,698.6,698.6,938,657251.6,720.3,1506,698.6,2023-03-19T14:59:48.984460,698.6,24,700.69,3085.45
70,3/19/2023,693,CLBSL,Civil Laghubitta Bittiya Sanstha Ltd.,629,629,611,612,457,281073.5,619.5,1018,592,2023-03-19T14:50:27.886487,612,20,615.04,1957.29
71,3/19/2023,697,API,Api Power Company Ltd.,257,260.7,256.6,257.1,63739,16515508.3,258.6,510,200,2023-03-19T14:59:59.029364,257.1,434,259.11,10626.67
72,3/19/2023,2746,NMFBS,National Microfinance Laghubitta Bittiya Sanstha Limited,1744,1744,1700,1700,1251,2135787.3,1710,2580,1700,2023-03-19T14:59:57.344984,1700,57,1707.26,9973.48
73,3/19/2023,2768,MSLB,Mahuli Laghubitta Bittiya Sanstha Limited,885.3,887,875,875,263,231368,868,1499,855,2023-03-19T14:58:17.030511,875,13,879.72,2468.98
74,3/19/2023,2779,NICGF,NIC Asia Growth Fund,8.92,8.92,8.92,8.92,4610,41121.2,8.94,12.13,8.67,2023-03-19T14:32:41.831152,8.92,2,8.92,
75,3/19/2023,2804,SLBSL,Samudayik Laghubitta Bittiya Sanstha Limited,933,933,880,880,102,91263.2,915,1760,867,2023-03-19T14:59:37.910721,880,9,894.73,1161.6
76,3/19/2023,2832,ILBS,Infinity Laghubitta Bittiya Sanstha Limited,634.1,635,624,635,509,319041.6,646,1220,617,2023-03-19T14:59:58.902994,635,21,626.8,3158.59
77,3/19/2023,2842,SJCL,SANJEN JALAVIDHYUT COMPANY LIMITED,300.2,311,300.2,306,15772,4811581.5,305.7,385,210,2023-03-19T14:59:33.077429,306,129,305.07,10052.1
78,3/19/2023,2885,KBLD86,10.25% KBL Debenture 2086,850,850,850,850,25,21250,837.1,1009.5,837.1,2023-03-19T12:09:28.391380,850,1,850,
79,3/19/2023,2919,NIFRA,Nepal Infrastructure Bank Limited,218,220,216.1,219,61004,13313086.3,218,360,176.9,2023-03-19T14:59:56.008286,219,644,218.23,47304
80,3/19/2023,2932,MFLD85,9.5% Manjushree Finance Limited Debenture 2085,834,834,834,834,25,20850,821,940,805.1,2023-03-19T14:49:36.960732,834,1,834,
81,3/19/2023,4959,NBLD87,8.5% Nepal Bank Debenture 2087,747,747,742,742,55,40935,752,1020,711,2023-03-19T13:59:07.230077,742,2,744.27,
82,3/19/2023,4968,RMF1,RBB Mutual Fund 1,7.65,7.7,7.58,7.58,4700,35749,7.65,9.27,7.04,2023-03-19T14:58:03.712693,7.58,7,7.6,
83,3/19/2023,5982,SLI,Sanima Life Insurance Limited,394,405,388.1,403,5157,2063403,402,651.2,311.5,2023-03-19T14:59:58.854288,403,251,400.11,8398.52
84,3/19/2023,8075,BHDC,Bindhyabasini Hydropower Development Company Limited,443.8,451,437,440,8785,3900451.5,452.8,520,310,2023-03-19T14:59:09.407948,440,148,443.98,4620
85,3/19/2023,8076,HHL,Himalayan Hydropower Limited,298,309.9,294.1,304.9,4527,1363988.9,298,362.1,202,2023-03-19T14:59:59.660708,304.9,164,301.3,3338.65
86,3/19/2023,8111,HIDCLP,Hydorelectricity Investment and Development Company Limited Promoter,102,102,101,101.5,15850,1606591.3,101.7,126.4,95,2023-03-19T14:59:30.822075,101.5,35,101.36,
87,3/19/2023,155,STC,Salt Trading Corporation,3845,3845,3772,3839,375,1430185,3845,5624,2870,2023-03-19T14:59:58.019633,3839,17,3813.82,10706.37
88,3/19/2023,156,BBC,Bishal Bazar Company Limited,3211,3326,3205,3326,100,322630,3261,4550,3083,2023-03-19T14:58:26.990801,3326,6,3226.3,1634.4
89,3/19/2023,219,UNL,Unilever Nepal Limited,20145,20210,20000,20210,140,2808850,20145,22000,16556.7,2023-03-19T14:52:19.011552,20210,11,20063.21,18607.35
90,3/19/2023,232,GFCL,Goodwill Finance Limited,455.9,456.9,450,455,4150,1887958,448,634,358,2023-03-19T14:56:48.359910,455,27,454.92,4304.82
91,3/19/2023,283,KBLPO,Kumari Bank Limited Promotor Share,110.8,110.8,110.8,110.8,2000,276000,110.8,130,100,2023-03-19T14:02:46.522983,110.8,1,138,
92,3/19/2023,418,JBBL,Jyoti Bikas Bank Limited,274,275,270,274,14125,3863486.2,274.9,434,248,2023-03-19T14:59:31.550651,274,106,273.52,12044.45
93,3/19/2023,471,MPFL,Multipurpose Finance Company  Limited,334,340.6,325,325,6703,2226606,327.8,418,206.1,2023-03-19T14:59:52.736441,325,43,332.18,1469
94,3/19/2023,592,NSLB,Naya Sarathi Laghubitta Bittiya Sanstha Limited,678,688,677,678.1,699,475490.4,677,1365,676,2023-03-19T14:59:55.404030,678.1,14,680.24,2057.32
95,3/19/2023,2751,KKHC,Khanikhola Hydropower Co. Ltd.,243,248,243,247,3035,746489.1,247,318,163.8,2023-03-19T14:59:59.012214,247,27,245.96,1150.31
96,3/19/2023,2780,CMF1,Citizens Mutual Fund -1,7.68,7.68,7.38,7.38,7570,57492.6,7.53,10,6.75,2023-03-19T14:31:16.498645,7.38,5,7.59,
97,3/19/2023,2786,PMHPL,Panchakanya Mai Hydropower Ltd,248,249.9,243,247.9,6560,1607687,248,349.8,168,2023-03-19T14:59:57.288480,247.9,47,245.07,2726.9
98,3/19/2023,2810,UPCL,UNIVERSAL POWER COMPANY LTD,250.1,256,250.1,254,55527,14038101.8,253,340,175.9,2023-03-19T14:59:56.888746,254,208,252.81,5334.89
99,3/19/2023,2824,HURJA,Himalaya Urja Bikas Company Limited,354,363,354,363,3185,1145008.4,360,494.1,190.5,2023-03-19T14:59:00.898411,363,43,359.5,3593.7
100,3/19/2023,2834,SRD80,10% Sunrise Debenture 2080,970,970,970,970,25,24250,989,990,920,2023-03-19T14:37:05.903721,970,1,970,
101,3/19/2023,2893,AIL,Ajod Insurance Limited,447.1,460,447.1,453,2013,912229,454,768.9,344,2023-03-19T14:58:56.878620,453,59,453.16,4530
102,3/19/2023,2895,NICAD8182,9% NIC Asia Debenture 2081/82,923.2,923.2,923.2,923.2,25,23080,923.2,950,900.1,2023-03-19T14:36:03.650979,923.2,1,923.2,
103,3/19/2023,2917,CGH,Chandragiri Hills Limited,1120,1155,1120,1148,731,834130,1129,1487,900.2,2023-03-19T14:59:55.606976,1148,35,1141.08,17611.36
104,3/19/2023,2935,RURU,Ru Ru Jalbidhyut Pariyojana Limited,802,806,790,790,4063,3244619.3,816,1133.8,665.1,2023-03-19T14:59:42.929960,790,40,798.57,3897.26
105,3/19/2023,8024,NBF3,Nabil Balanced Fund-3,7.4,7.4,7.25,7.4,32173,236233.2,7.3,9.49,7.08,2023-03-19T14:59:23.782037,7.4,23,7.34,
106,3/19/2023,8031,MBJC,Madhya Bhotekoshi Jalavidyut Company Limited,302,319.6,302,312.1,27320,8575127.4,308,412,193.3,2023-03-19T14:59:58.821590,312.1,623,313.87,18726
107,3/19/2023,8097,PBD88,10% Prime Debenture 2088,836.3,836.3,805,805,65,53169.5,820,1000,790.1,2023-03-19T14:26:55.149287,805,3,817.99,
108,3/19/2023,8102,MHL,Mandakini Hydropower Limited,385,388,377.4,386.5,2180,834546,392.7,436,237.3,2023-03-19T14:59:52.588952,386.5,97,382.81,2272.76
109,3/19/2023,8104,USHEC,Upper Solu Hydro Electric Company Limited,345.1,354.9,345.1,351,5010,1759479,351,431.9,237,2023-03-19T14:59:07.875620,351,148,351.19,4738.5
110,3/19/2023,8121,SPHL,Sayapatri Hydropower Limited,446.1,460,440,458,3730,1673322,455,520.2,194.8,2023-03-19T14:58:52.147723,458,101,448.61,412.2
111,3/19/2023,139,NICA,NIC Asia Bank Ltd.,755,755,739,742,53939,40084482,750,861.9,600.3,2023-03-19T14:59:57.402703,742,528,743.14,85804.92
112,3/19/2023,186,IGI,IME General Insurance Ltd.,403,411,403,406.2,12357,5017490.6,409,740,333.2,2023-03-19T14:59:57.345916,406.2,90,406.04,7326.83
113,3/19/2023,274,EDBL,Excel Development Bank Ltd.,321,321.3,314.1,315.9,4273,1351684.7,319,495,291.2,2023-03-19T14:59:32.063921,315.9,56,316.33,3947.78
114,3/19/2023,348,CZBIL,Citizens Bank International Limited,180,182,179,179,15499,2789924.1,180,278,175,2023-03-19T14:58:11.086191,179,130,180,25419.74
115,3/19/2023,358,LBBL,Lumbini Bikas Bank Ltd.,330,332,329,329.1,9518,3140718.8,332,503,290.1,2023-03-19T14:59:31.049971,329.1,66,329.97,11132.87
116,3/19/2023,447,GLICL,Gurans Life Insurance Company Ltd.,395,403.9,395,403.9,9548,3816286.6,403,721,394.1,2023-03-19T14:59:58.409056,403.9,81,399.69,9044.82
117,3/19/2023,2758,FOWAD,Forward Microfinance Laghubitta Bittiya Sanstha Limited,1270,1299,1260,1260,4881,6186117.5,1290,2950,1260,2023-03-19T14:59:38.475577,1260,132,1267.38,13300.11
118,3/19/2023,2759,SPDL,Synergy Power Development Ltd.,308,310,300,308.4,10490,3181664.8,304,474,234,2023-03-19T14:58:13.230541,308.4,60,303.3,2487.48
119,3/19/2023,2811,MHNL,Mountain Hydro Nepal Limited,301.4,302.9,296,296,18811,5643206.6,301,462,212,2023-03-19T14:59:58.905484,296,75,299.99,3700
120,3/19/2023,2877,SFMF,Sunrise First Mutual Fund,9.75,9.77,9.57,9.65,14010,136588.7,9.94,12.05,8.53,2023-03-19T14:39:51.113450,9.65,12,9.74,
121,3/19/2023,2883,GWFD83,12 % Goodwill Finance Limited Debenture 2083,1000,1000,1000,1000,25,25000,1000,1171,989.8,2023-03-19T11:49:16.667402,1000,1,1000,
122,3/19/2023,2907,SSHL,Shiva Shree Hydropower Ltd,231,239,230.1,231,74509,17352021.9,231.1,382,155.1,2023-03-19T14:59:57.269309,231,222,232.88,3410.48
123,3/19/2023,3946,CHDC,CEDB Hydropower Development Company Limited,715,726,710.1,720,1820,1308010,721.3,925,590,2023-03-19T14:59:01.982361,720,63,718.68,6043.75
124,3/19/2023,8045,GVL,Green Ventures Limited,430,464.1,426.2,464.1,22253,9764894.1,433,511,255.1,2023-03-19T14:59:53.775755,464.1,292,438.81,14503.13
125,3/19/2023,147,SHL,Soaltee Hotel Limited,223,225,221,221.6,15447,3445601.6,221.1,252.6,186.7,2023-03-19T14:59:56.056254,221.6,63,223.05,19605.29
126,3/19/2023,172,NABBC,Narayani Development Bank Limited,407,415,402,413.1,7667,3097216,414.5,555,317.7,2023-03-19T14:59:58.823892,413.1,23,403.96,1084.25
127,3/19/2023,307,NTC,Nepal Doorsanchar Company Limited,816,826,814,817,8415,6891176.3,815.8,1575,803,2023-03-19T14:59:11.781181,817,182,818.91,147060
128,3/19/2023,393,PLIC,Prime Life Insurance Company Limited,400,406.9,400,401,6760,2713615.9,401.3,801,400,2023-03-19T14:57:13.071972,401,71,401.42,12595.27
129,3/19/2023,397,ADBL,Agricultural Development Bank Limited,264.5,264.5,258,258.2,21040,5460177.1,261.5,405.9,258,2023-03-19T14:59:50.954932,258.2,238,259.51,34732.22
130,3/19/2023,417,GBBL,Garima Bikas Bank Limited,361.8,361.8,353,355,11901,4226692.9,354.8,490,318,2023-03-19T14:59:22.770531,355,95,355.15,18372.24
131,3/19/2023,428,KRBL,Karnali Development Bank Limited,275,275,269.4,269.4,4126,1118411.6,275,435,198.9,2023-03-19T14:56:15.725952,269.4,31,271.06,1427.85
132,3/19/2023,545,SLBBL,Swarojgar Laghu Bitta Bikas Bank Ltd.,614,614,602.1,602.1,586,356792.1,605,1115,600.1,2023-03-19T14:59:48.969084,602.1,23,608.86,3776.38
133,3/19/2023,575,RMDC,RMDC Laghubitta Bittiya Sanstha Ltd.,713,725,690,699,3719,2589944.2,713,1182,690,2023-03-19T14:59:45.542326,699,66,696.4,10930.57
134,3/19/2023,591,SHPC,Sanima Mai Hydropower Ltd.,324,324,318.5,319,31606,10122781.3,319,416.9,250,2023-03-19T14:59:56.544447,319,148,320.28,9854.71
135,3/19/2023,2748,RSDC,RSDC Laghubitta Bittiya Sanstha Ltd.,500,500,492,492,2825,1396023,497,728.2,450,2023-03-19T14:59:25.376823,492,41,494.16,4278.28
136,3/19/2023,2766,CHL,Chhyangdi Hydropower Ltd.,321,330,315.1,319.1,23210,7486848.8,320.7,475,193.1,2023-03-19T14:59:57.228458,319.1,95,322.56,1234.85
137,3/19/2023,2767,HPPL,Himalayan Power Partner Ltd.,292,304,292,300.5,7584,2281670.5,297.4,476,217.6,2023-03-19T14:57:51.596441,300.5,57,300.85,3201.58
138,3/19/2023,2769,NHDL,Nepal Hydro Developers Ltd.,406,408,398,408,13005,5258152.6,398.1,533,294,2023-03-19T14:58:52.870158,408,84,404.31,1370.58
139,3/19/2023,2770,SEF,Siddhartha Equity Fund,7.82,7.9,7.82,7.9,3650,28620.5,7.95,11.25,7.69,2023-03-19T14:51:59.308013,7.9,6,7.84,
140,3/19/2023,2774,USLB,Unnati Sahakarya Laghubitta Bittiya Sanstha Limited,730,738,715,723.3,239,174184.8,739,1490,715,2023-03-19T14:42:36.533125,723.3,10,728.8,1656.51
141,3/19/2023,2788,AKJCL,Ankhu Khola Jalvidhyut Company Ltd,228,229.3,225.4,227,17674,4018999.5,225,310,159.8,2023-03-19T14:59:44.913459,227,112,227.39,1816
142,3/19/2023,2829,SMFBS,Swabhimaan Laghubitta Bittiya Sanstha Limited,1035,1050,1014.3,1018,350,359727.2,1050,1890,1014.3,2023-03-19T14:49:58.509947,1018,14,1027.79,1487.69
143,3/19/2023,2841,RHPL,RASUWAGADHI HYDROPOWER COMPANY LIMITED,300,310,300,306,20144,6197583.4,302,391.6,210,2023-03-19T14:59:35.855806,306,143,307.66,18843.14
144,3/19/2023,2860,SAPDBL,Saptakoshi Development Bank Ltd,247,249,242,247.9,2446,605396,246.6,360.9,178.1,2023-03-19T14:59:09.939006,247.9,18,247.5,2068.33
145,3/19/2023,2880,HDHPC,Himal Dolakha Hydropower Company Limited,228,229,224.2,224.6,49869,11286094.1,226,319,161,2023-03-19T14:59:50.381955,224.6,205,226.31,3593.6
146,3/19/2023,8005,MKJC,Mailung Khola Jal Vidhyut Company Limited,440.6,446.9,438.7,446.9,1089,482845.5,446.9,695,372.6,2023-03-19T14:59:56.252110,446.9,35,443.38,1645.23
147,3/19/2023,8066,RFPL,River Falls Power Limited,291,299,291,298,3019,893598.6,296.1,325,200,2023-03-19T14:59:51.107103,298,159,295.99,2086
148,3/19/2023,8131,EHPL,Eastern Hydropower Limited,454.9,460,442.1,453,2660,1185068,464.1,508,216,2023-03-19T14:59:31.129010,453,76,445.51,2808.6
149,3/19/2023,134,HBL,Himalayan Bank Limited,233,239,232,236,15414,3638705.8,236,398.75,225.7,2023-03-19T14:59:32.837712,236,173,236.06,51109.61
150,3/19/2023,142,KBL,Kumari Bank Limited,179.5,179.5,175.9,178,62024,10971232.5,178.5,243,175,2023-03-19T14:59:59.066864,178,303,176.88,46682.03
151,3/19/2023,163,NUBL,Nirdhan Utthan Laghubitta Bittiya Sanstha Limited,610.9,611,588,596.8,11899,7088434.2,613,1179,588,2023-03-19T14:59:45.350444,596.8,177,595.71,15588.89
152,3/19/2023,184,PRIN,Prabhu Insurance Ltd.,479,479,472,473,3256,1548137.2,479,893,378,2023-03-19T14:57:22.461408,473,27,475.47,6509.06
153,3/19/2023,188,LICN,Life Insurance Corporation (Nepal) Limited,1402,1402,1360,1361,4140,5637723.6,1374.7,2274,1065,2023-03-19T14:59:43.907130,1361,44,1361.76,36110.05
154,3/19/2023,213,BNT,Bottlers Nepal (Terai) Limited,13020,13020,12500,12744,60,760286,12804,15371.3,11396,2023-03-19T14:46:48.248212,12744,6,12671.43,15420.24
155,3/19/2023,338,PROFL,Progressive Finance Limited,325,343.9,325,330.9,6933,2282840,331,389.9,192,2023-03-19T14:59:25.229565,330.9,59,329.27,2832.86
156,3/19/2023,371,MDB,Miteri Development Bank Limited,359,364.2,355.1,361,15242,5473748.7,357.1,525,308,2023-03-19T14:59:07.695159,361,61,359.12,3664.16
157,3/19/2023,396,NLBBL,Nerude Laghubitta Bittiya Sanstha Limited,601,603.9,596,596,1549,925758.2,602.7,1129,590,2023-03-19T14:54:40.369767,596,23,597.64,4362.72
158,3/19/2023,401,MLBL,Mahalaxmi Bikas Bank Ltd.,316,316,310.3,310.3,14564,4542895.6,313,485,297,2023-03-19T14:58:55.983443,310.3,91,311.92,12943.6
159,3/19/2023,450,CORBL,Corporate Development Bank Limited,312,312,302,302,1996,605213,306,575,211.3,2023-03-19T14:59:58.136507,302,20,303.21,1585.5
160,3/19/2023,474,MNBBL,Muktinath Bikas Bank Ltd.,389.6,390,385,387,10979,4241985.2,387.9,525,368,2023-03-19T14:59:31.218703,387,130,386.37,24848.88
161,3/19/2023,694,KLBSL,Kisan Lagubitta Bittiya Sanstha Limited,703,703,666.4,666.4,444,298562.8,690,1590,646.8,2023-03-19T14:41:26.671244,666.4,12,672.43,3141.21
162,3/19/2023,2787,KPCL,Kalika power Company Ltd,397.9,397.9,377.4,385,518,197424.2,392,527,289,2023-03-19T14:59:59.766666,385,20,381.12,3054.97
163,3/19/2023,2826,GLBSL,Gurans Laghubitta Bittiya Sanstha Limited,674.8,680,664,665,240,160206.4,688.5,1360,664,2023-03-19T14:58:54.946538,665,11,667.52,674.31
164,3/19/2023,2882,ICFCD83,12% ICFC Finance Limited Debenture 2083,1005,1015,1005,1015,88,88810,1015,1144,988.1,2023-03-19T14:01:20.317566,1015,3,1009.2,
165,3/19/2023,2886,ADBLD83,10.35% Agricultural Bank Debenture 2083,916,916,910,910,1050,955800,899,1066,865.1,2023-03-19T14:53:56.435480,910,2,910.28,
166,3/19/2023,4951,JBLB,Jeevan Bikas Laghubitta  Bittya Sanstha Ltd,1850.6,1900,1829,1830,6222,11536063.2,1880.1,5260,1829,2023-03-19T14:59:55.869378,1830,259,1854.07,18927.32
167,3/19/2023,8026,NYADI,Nyadi Hydropower Limited,325.4,332,325.4,327.3,1985,654633.5,332,498.6,241,2023-03-19T14:59:38.018986,327.3,77,329.79,4909.5
168,3/19/2023,8073,NICFC,NIC Asia Flexi CAP Fund,7.8,7.8,7.66,7.68,6000,46302,7.85,10,7.3,2023-03-19T14:30:29.850493,7.68,19,7.71,
169,3/19/2023,8117,AVYAN,Aviyan Laghubitta Bittiya Sanstha Limited,623.3,648.7,615,648.7,2226,1393220,636,963,316,2023-03-19T14:59:56.696994,648.7,116,625.88,1621.75
170,3/19/2023,8133,PHCL,Peoples Hydropower Company Limited,353,386,353,362.7,32157,11700777.5,359.1,416.1,196.9,2023-03-19T14:59:55.609549,362.7,793,363.86,11606.4
171,3/19/2023,9146,SMHL,Super Madi Hydropower Limited,403,406.5,389,399,31720,12580589.4,401,406.8,299,2023-03-19T14:59:50.164395,399,1502,396.61,8379
172,3/19/2023,8132,SHLB,Shrijanshil Laghubitta Bittiya Sanstha Limited,1470,1470,1350,1390,8230,11148561,1500,2485.2,906,2023-03-19T14:59:55.242060,1390,284,1354.62,1520.31
173,3/19/2023,9140,UNLB,Unique Nepal Laghubitta Bittiya Sanstha Limited,1604.2,1764.6,1604.2,1764.6,900,1582295,1604.2,1764.6,989.4,2023-03-19T14:59:44.360350,1764.6,43,1758.1,1952.22
174,3/19/2023,131,NABIL,Nabil Bank Limited,625,625,605,606,50724,30904775.8,613,1080,605,2023-03-19T14:59:57.628631,606,813,609.27,163965.41
175,3/19/2023,133,SCB,Standard Chartered Bank Limited,506,519,506,513,13630,7024664.1,512,555,375,2023-03-19T14:59:12.354414,513,123,515.38,48373.1
176,3/19/2023,135,SBI,Nepal SBI Bank Limited,322.9,322.9,312.3,316.9,31454,9937886.7,318.6,365,251,2023-03-19T14:59:47.567535,316.9,84,315.94,32072.27
177,3/19/2023,183,NIL,Neco Insurance Limited,771,774.9,759,767,8871,6787487.1,771.9,1076,601,2023-03-19T14:59:06.258237,767,59,765.13,15434.81
178,3/19/2023,255,PRVU,Prabhu  Bank Limited,176.5,180.3,176.4,178.1,82772,14739824.3,180,309,176.4,2023-03-19T14:59:56.997174,178.1,505,178.07,41929.17
179,3/19/2023,472,SADBL,Shangrila Development Bank Ltd.,297.3,304.9,295,297.1,11082,3316404.1,301,422.9,245,2023-03-19T14:59:38.477412,297.1,72,299.26,9708.04
180,3/19/2023,502,SMFDB,Summit Laghubitta Bittiya Sanstha Limited,951,951,951,951,130,123630,952,1443,749,2023-03-19T13:34:18.107101,951,4,951,4697.94
181,3/19/2023,561,SINDU,Sindhu Bikash Bank Ltd,261.4,265.9,260.6,263,1774,464513.6,264,404.9,220.6,2023-03-19T14:53:55.324478,263,20,261.84,1466.11
182,3/19/2023,593,KMCDB,Kalika Laghubitta Bittiya Sanstha Ltd,778,784,775,784,294,228785.2,788.9,1359,761,2023-03-19T14:58:18.052583,784,15,778.18,2452.94
183,3/19/2023,2754,DHPL,Dibyashwori Hydropower Ltd.,226,232,226,229.9,4265,974405.4,229.9,327,160.1,2023-03-19T14:59:51.329553,229.9,50,228.46,606.94
184,3/19/2023,2809,SHIVM,SHIVAM CEMENTS LTD,431.2,433,425,425,94697,40509851.7,429.7,1198,425,2023-03-19T14:59:59.134529,425,603,427.78,18700
185,3/19/2023,2835,NBF2,NABIL BALANCED FUND-2,7.9,8,7.84,7.86,2550,20095,7.87,11.2,7.45,2023-03-19T14:31:51.632699,7.86,7,7.88,
186,3/19/2023,2881,NRIC,Nepal Reinsurance Company Limited,728.3,740,726,726.1,12501,9146432.1,735,1232.7,565,2023-03-19T14:57:36.974460,726.1,201,731.65,88820.18
187,3/19/2023,2887,NICLBSL,NIC ASIA Laghubitta Bittiya Sanstha Limited,566.1,575,560.3,568.9,10424,5892922.3,571.5,1100,560.3,2023-03-19T14:58:50.191590,568.9,124,565.32,9895.67
188,3/19/2023,2913,MEN,Mountain Energy Nepal Limited,765,765,754,758,1560,1190012,758,1135,692,2023-03-19T14:54:18.888901,758,35,762.82,14917.64
189,3/19/2023,2934,SHEL,Singati Hydro Energy Limited,314,319,309.5,318,7993,2517314,315,451,206.1,2023-03-19T14:59:59.768636,318,109,314.93,4611
190,3/19/2023,8041,NESDO,NESDO Sambridha Laghubitta Bittiya Sanstha Limited,2405,2405,2337.3,2389.9,5239,12392178,2360,3759,747.7,2023-03-19T14:59:56.466116,2389.9,113,2365.37,6094.24
191,3/19/2023,8070,DORDI,Dordi Khola Jal Bidyut Company Limited,309,320.1,309,315,4751,1490202.5,314,408,217,2023-03-19T14:59:58.636147,315,189,313.66,3320.92
192,3/19/2023,9147,SPL,Shuvam Power Limited,526.3,567.6,510,567.6,50123,27078955.8,516,567.6,265,2023-03-19T14:59:48.008842,567.6,3155,540.25,1135.2
193,3/19/2023,140,MBL,Machhapuchhre Bank Limited,223.1,228.5,223.1,224,20727,4655011.2,226,305,199,2023-03-19T14:58:44.394760,224,91,224.58,22976.03
194,3/19/2023,145,SBL,Siddhartha Bank Limited,257.8,267,255,261,67933,17571542.8,263,414.8,255,2023-03-19T14:59:55.605100,261,345,258.65,36774.85
195,3/19/2023,152,NHPC,National Hydro Power Company Limited,242.1,247,241,243,27665,6741763.7,244.9,334.5,176.4,2023-03-19T14:58:50.515094,243,143,243.69,3989.55
196,3/19/2023,166,DDBL,Deprosc Laghubitta Bittiya Sanstha Limited,669.1,692,668,685,5493,3747614,681.5,1199,668,2023-03-19T14:59:56.165318,685,107,682.25,10454.8
197,3/19/2023,176,NICL,Nepal Insurance Co. Ltd.,519,519,510.2,516,9773,5034227.9,514,934,385.1,2023-03-19T14:59:59.910837,516,103,515.11,7712.99
198,3/19/2023,177,RBCL,Rastriya Beema Company Limited,12623,12750,12550,12750,143,1807140,12700,19401.9,12215,2023-03-19T14:41:38.897393,12750,10,12637.34,33996.15
199,3/19/2023,210,CIT,Citizen Investment Trust,2015,2035,2005,2026,4737,9581095.1,2015,3297,1780,2023-03-19T14:59:55.989681,2026,137,2022.6,86125.27
200,3/19/2023,227,BFC,Best Finance Company Ltd.,319.7,329.7,319.7,326,4105,1337744.6,326.2,476.9,292.5,2023-03-19T14:59:43.908294,326,42,325.88,2702.26
201,3/19/2023,236,PFL,Pokhara Finance Ltd.,373,379.9,373,373.1,2440,920377.1,380,534,290,2023-03-19T14:57:19.816317,373.1,27,377.2,4039.02
202,3/19/2023,238,NMB,NMB Bank Limited,220,222,219,220.9,47758,10501218.1,221,320,217.9,2023-03-19T14:59:56.514721,220.9,201,219.88,40572.05
203,3/19/2023,268,SWBBL,Swabalamban Laghubitta Bittiya Sanstha Limited,800,800,790,795,3648,2892557,803.9,1407,790,2023-03-19T14:59:58.107114,795,56,792.91,10259.44
204,3/19/2023,403,SJLIC,SuryaJyoti Life Insurance Company Limited,452.1,452.1,444,444.1,14015,6248483.6,451,806.5,351,2023-03-19T14:59:49.171126,444.1,205,445.84,20186.89
205,3/19/2023,449,SBLPO,Siddhartha Bank Limited Promoter Share,160,160,160,160,90000,14400000,160,270,160,2023-03-19T12:24:08.527320,160,1,160,
206,3/19/2023,634,RBCLPO,Rastriya Beema Company Limited Promoter Share,11400,11446.4,11218,11442.3,130,1484195.2,11222,18588,9663,2023-03-19T14:01:50.118870,11442.3,7,11416.88,
207,3/19/2023,704,NMBMF,NMB  Microfinance Bittiya Sanstha Ltd.,536,555.9,535.5,548,1610,879752.2,545,991,535.5,2023-03-19T14:59:25.371702,548,23,546.42,3594.13
208,3/19/2023,2744,GRDBL,Green Development Bank Ltd.,260,265,256,261,1824,476803.8,265,363.9,182,2023-03-19T14:59:16.332880,261,25,261.4,1354.59
209,3/19/2023,2813,PPCL,Panchthar Power Compant Limited,365.8,365.8,352.1,354.9,1987,703462,359,444.9,230,2023-03-19T14:59:19.661961,354.9,36,354.03,3415.91
210,3/19/2023,2831,UNHPL,Union Hydropower Limited,239,239,235,235,4497,1066288.8,236.2,367,165.1,2023-03-19T14:55:29.843757,235,41,237.11,1762.5
211,3/19/2023,2862,CMF2,CITIZENS MUTUAL FUND 2,8,8,7.69,8,51500,411685,8,10.76,7.24,2023-03-19T14:50:44.818209,8,5,7.99,
212,3/19/2023,2863,NICBF,NIC Asia Balanced Fund,8.35,8.37,8.35,8.37,600,5020,8.5,11.36,8.04,2023-03-19T13:46:04.619281,8.37,2,8.36,
213,3/19/2023,2914,UMRH,United IDI Mardi RB Hydropower Limited.,495.1,509,491,505,280,138895,500.4,1150,390,2023-03-19T14:59:33.638843,505,20,496.05,2121
214,3/19/2023,8021,SAHAS,Sahas Urja Limited,533.3,544.9,533.3,538,8765,4712729,542,656,377.5,2023-03-19T14:59:58.105119,538,282,537.67,18830
215,3/19/2023,8022,TPC,Terhathum Power Company Limited,435,440,430.8,437.3,350,152076,443,667,303.9,2023-03-19T14:59:59.168024,437.3,21,434.5,1749.2
216,3/19/2023,8033,GBBD85,Garima Debenture",2085,800,800,800,800,25,20000,800,1000,722.5,2023-03-19T12:13:17.287237,800,1,800
217,3/19/2023,8034,ENL,Emerging Nepal Limited,646,672.1,646,672.1,280,182357,659,1481.9,482,2023-03-19T14:59:13.486658,672.1,18,651.27,3734.19
218,3/19/2023,8036,RULB,Rastra Utthan Laghubitta Sanstha Limited,661.6,677,656,659,1085,723723,675,1931.7,580.3,2023-03-19T14:59:52.225346,659,56,667.02,1713.4
219,3/19/2023,8038,JALPA,Jalpa Samudayik Laghubitta Bittiya Sanstha Limited,2380,2380,2329.5,2349,451,1060370,2335,3770,318.6,2023-03-19T14:56:31.495692,2349,33,2351.15,3758.4
220,3/19/2023,8044,EBLD86,Everest Bank Limited,750.2,757,750.2,757,50,37680,765,1000,725,2023-03-19T12:56:27.310127,757,2,753.6,
221,3/19/2023,132,NIMB,Nepal Investment Mega Bank Limited,192.1,193,189.7,190.9,72137,13758464.9,192,408.49,189.7,2023-03-19T14:59:47.723419,190.9,382,190.72,65151.49
222,3/19/2023,148,TRH,Taragaon Regency Hotel Limited,469.2,478.5,452,463,6302,2947068.5,460,507,302.1,2023-03-19T14:59:39.526561,463,59,467.64,8735.21
223,3/19/2023,179,HEI,Himalayan Everest Insurance Limited,400.6,420,400.6,412.3,8387,3463412.7,408.76,703,345,2023-03-19T14:59:58.521737,412.3,61,412.95,9489.23
224,3/19/2023,180,UIC,United Insurance Co. (Nepal) Ltd.,434.9,434.9,425,430.9,4514,1924178,427,725,325,2023-03-19T14:59:53.994650,430.9,32,426.26,4651.86
225,3/19/2023,341,GBIME,Global IME Bank Limited,190,190,186,187,70476,13195057.1,187.2,326,183.8,2023-03-19T14:59:46.948555,187,477,187.22,66891.88
226,3/19/2023,385,ALICL,Asian Life Insurance Co. Limited,617.1,625,615.1,617.1,8877,5498583,614.1,1007.7,428,2023-03-19T14:59:51.312064,617.1,84,619.41,17945.95
227,3/19/2023,700,HEIP,Himalayan Everest Insurance Limited Promoter,271.1,275.4,260.6,275.4,2263,604760.9,276.6,367.4,214.2,2023-03-19T14:49:05.860088,275.4,11,267.23,
228,3/19/2023,1741,MERO,Mero Microfinance Bittiya Sanstha Ltd.,563,570,556,556.1,2790,1567659.4,563,1089.9,556,2023-03-19T14:59:37.242577,556.1,63,561.88,7340.52
229,3/19/2023,2752,NMBHF1,NMB Hybrid Fund L-1,9.98,9.98,9.61,9.61,11416,110321.68,9.8,12.25,8.79,2023-03-19T12:59:31.513402,9.61,5,9.66,
230,3/19/2023,2761,SMATA,Samata Gharelu Laghubitta Bittiya Sanstha Limited,610.1,619,606.7,618,563,343949.1,619,1125,598,2023-03-19T14:59:16.328843,618,13,610.92,2435.88
231,3/19/2023,2771,SMB,Support Microfinance Bittiya Sanstha Ltd.,971,971,933,951,160,151685,973.5,1840,915,2023-03-19T14:59:54.243584,951,8,948.03,905.71
232,3/19/2023,2792,UPPER,Upper Tamakoshi Hydropower Ltd,458,467,458,460,21991,10152940.3,459.2,624.9,354,2023-03-19T14:59:47.721637,460,243,461.68,48714
233,3/19/2023,2815,GMFBS,Ganapati Laghubitta Bittiya Sanstha Limited,731,731,731,731,14,10234,745,1225,706,2023-03-19T11:59:15.289918,731,1,731,1107.86
234,3/19/2023,2867,NMB50,NMB 50,9.01,9.01,8.93,8.93,10500,93935,9.1,13.53,8.28,2023-03-19T12:55:25.877651,8.93,6,8.94,
235,3/19/2023,2890,SBIBD86,10% Nepal SBI Bank Debenture 2086,860,860,860,860,1000,860000,860,960,825,2023-03-19T12:22:58.821834,860,2,860,
236,3/19/2023,2902,LUK,Laxmi Unnati Kosh,8.23,8.23,7.79,7.79,13700,109282,8.07,10.5,7.52,2023-03-19T14:16:19.740427,7.79,8,7.97,
237,3/19/2023,2933,KEF,Kumari Equity Fund,7.75,7.9,7.75,7.82,5320,41547.4,7.89,10.07,7.73,2023-03-19T14:57:16.743531,7.82,15,7.8,
238,3/19/2023,2937,SBCF,Sunrise Bluechip Fund,7.15,7.25,7.15,7.16,7350,52810,7.24,8.99,6.85,2023-03-19T14:36:18.577875,7.16,6,7.18,
239,3/19/2023,4949,NIBSF2,NIBL Samriddhi Fund -2,7.07,7.65,7.07,7.5,31950,241188,7.2,9.49,6.74,2023-03-19T14:45:40.940057,7.5,23,7.54,
240,3/19/2023,8055,BHL,Balephi Hydropower Limited,329,341.7,329,335,5751,1927316.1,335,397,104.7,2023-03-19T14:59:54.458801,335,113,335.12,6123.7
241,3/19/2023,9135,BHPL,Barahi Hydropower Public Limited,512,550,512,521.2,2811,1479374,522,677.2,194.3,2023-03-19T14:59:59.838147,521.2,75,526.28,1303
242,3/19/2023,8071,ADLB,Adarsha Laghubitta Bittiya Sanstha Limited,1337.1,1367,1315,1340,246,329906.9,1364,2705,256.8,2023-03-19T14:51:31.762083,1340,17,1341.08,332.86
243,3/19/2023,8074,KDBY,Kumari Dhanabriddhi Yojana,7.85,8.02,7.85,7.91,5750,45432,8,10.43,7.46,2023-03-19T14:55:35.451285,7.91,37,7.9,
244,3/19/2023,8100,SGHC,Swet-Ganga Hydropower & Construction Limited ,388,400,381.1,389,6306,2450359.5,395.6,411.6,202.1,2023-03-19T14:59:59.241560,389,207,388.57,6196.77
245,3/19/2023,137,EBL,Everest Bank Limited,505,506,500,505,19303,9708560.6,501.1,558.9,411,2023-03-19T14:59:32.832732,505,133,502.95,54025.38
246,3/19/2023,192,SICL,Shikhar Insurance Co. Ltd.,760,760,736.2,750,5202,3895613.7,750,1428,690.1,2023-03-19T14:59:38.575183,750,92,748.86,19888.91
247,3/19/2023,490,FMDBL,First Micro Finance Laghubitta Bittiya Sanstha Limited,531,536,530.1,531.1,5474,2915772.4,536.1,835,530.1,2023-03-19T14:59:59.640971,531.1,87,532.65,6095.68
248,3/19/2023,610,RIDI,Ridi Power Company Limited,349.7,349.7,342,342,17937,6160504.3,343,838,334.7,2023-03-19T14:59:50.562103,342,149,343.45,5297.24
249,3/19/2023,682,MMFDB,Mirmire Laghubitta Bittya Sanstha Limited,606,618,605.1,610,297,180929,610.1,1350,605,2023-03-19T14:50:37.079077,610,17,609.18,3985.64
250,3/19/2023,2742,HIDCL,Hydorelectricity Investment and Development Company Ltd,197,198,195.4,196,54230,10647641.7,196.5,308,159.8,2023-03-19T14:59:41.367968,196,273,196.34,42555.49
251,3/19/2023,2743,NGPL,Ngadi Group Power Ltd.,271,280.1,271,276,56583,15658824.9,275.2,694,185.2,2023-03-19T14:59:59.313361,276,264,276.74,5109.53
252,3/19/2023,2753,NEF,Nabil Equity Fund,8.63,8.78,8.63,8.77,2779,24229.49,8.61,11.25,7.75,2023-03-19T14:31:13.638899,8.77,5,8.71,
253,3/19/2023,2755,NIBLPF,NIBL Pragati Fund,8.38,8.54,8.38,8.54,6260,52555,8.53,11.74,7.78,2023-03-19T14:59:13.967730,8.54,5,8.39,
254,3/19/2023,2773,SAEF,Sanima Equity Fund,10.5,10.5,10.11,10.49,4550,46828.6,10.31,13.88,9.46,2023-03-19T13:37:46.403453,10.49,8,10.29,
255,3/19/2023,2806,GHL,Ghalemdi Hydro Limited,270.4,274,267.1,271,17724,4796592.2,270.4,341,164.2,2023-03-19T14:59:55.785510,271,116,270.62,1490.5
256,3/19/2023,4956,ULI,Union Life Insurance Company Limited,400,408.2,400,408.2,6480,2616939,403.2,746,397.1,2023-03-19T14:59:56.251158,408.2,303,403.84,9563.53
257,3/19/2023,8032,BNHC,Buddha Bhumi Nepal Hydropower Company Limited,421,424.8,415,415,1808,761223,427.4,715,306,2023-03-19T14:59:55.459621,415,38,421.03,1660
258,3/19/2023,8122,PPL,People's Power Limited,303.1,309,300.1,307.9,6560,2009591,303.1,336,190,2023-03-19T14:59:59.623887,307.9,291,306.34,1947.78
259,3/19/2023,9139,SAGF,Sanima Growth Fund,9.39,9.39,8.76,8.76,5100,45967.5,9.58,10,8.76,2023-03-19T14:52:40.931061,8.76,21,9.01,
